{
	"info": {
		"_postman_id": "7238bd88-9f58-40c5-bc5b-7cdd9c54e037",
		"name": "Amap3-MatrixRiskValuation",
		"description": "Amap3",
		"schema": "https://schema.getpostman.com/json/collection/v2.1.0/collection.json"
	},
	"item": [
		{
			"name": "matrix-risk-valuation/get",
			"request": {
				"method": "GET",
				"header": [],
				"url": {
					"raw": "http://localhost:8080/amap3_be-web/matrix-risk-valuation",
					"protocol": "http",
					"host": [
						"localhost"
					],
					"port": "8080",
					"path": [
						"amap3_be-web",
						"matrix-risk-valuation"
					]
				}
			},
			"response": []
		},
		{
			"name": "matrix-risk-valuation/add",
			"request": {
				"method": "POST",
				"header": [
					{
						"key": "Content-Type",
						"name": "Content-Type",
						"value": "application/json",
						"type": "text"
					}
				],
				"body": {
					"mode": "raw",
					"raw": "{\n    \"dateFinish\": \"21/01/2019\",\n    \"dateStart\": \"21/05/2019\",\n    \"mrkActive\": 1,\n    \"typeClosePeriod\": {\n        \"idTypeClosePeriodPk\": 2\n    }\n}"
				},
				"url": {
					"raw": "http://localhost:8080/amap3_be-web/matrix-risk-valuation",
					"protocol": "http",
					"host": [
						"localhost"
					],
					"port": "8080",
					"path": [
						"amap3_be-web",
						"matrix-risk-valuation"
					]
				}
			},
			"response": []
		},
		{
			"name": "matrix-risk-valuation/update",
			"request": {
				"method": "PUT",
				"header": [
					{
						"key": "Content-Type",
						"name": "Content-Type",
						"value": "application/json",
						"type": "text"
					}
				],
				"body": {
					"mode": "raw",
					"raw": "{}"
				},
				"url": {
					"raw": "http://localhost:8080/amap3_be-web/matrix-risk-valuation/100",
					"protocol": "http",
					"host": [
						"localhost"
					],
					"port": "8080",
					"path": [
						"amap3_be-web",
						"matrix-risk-valuation",
						"100"
					]
				}
			},
			"response": []
		},
		{
			"name": "matrix-risk-valuation/delete",
			"request": {
				"method": "DELETE",
				"header": [],
				"url": {
					"raw": "http://localhost:8080/amap3_be-web/matrix-risk-valuation/100",
					"protocol": "http",
					"host": [
						"localhost"
					],
					"port": "8080",
					"path": [
						"amap3_be-web",
						"matrix-risk-valuation",
						"100"
					]
				}
			},
			"response": []
		}
	]
}